<?xml version="1.0" encoding="UTF-8" ?>
<!DOCTYPE configuration
	PUBLIC "-//mybatis.org//DTD Config 3.0//EN"
	"http://mybatis.org/dtd/mybatis-3-config.dtd">
<configuration>

<!-- tag(또는 node)의 순서에 주의 -->

	<!-- 전달인자로 null 줄 수 있음 -->
    <settings>
        <setting name="jdbcTypeForNull" value="NULL" />
    </settings>

	<!-- mapper에서 사용할 타입이 길어서 짧게 별칭 지정 -->
<!-- 	<typeAliases> -->
<!-- 	</typeAliases> -->

	<environments default="development">
		<environment id="development">
			<transactionManager type="JDBC"></transactionManager>
			<dataSource type="POOLED">
				<property name="driver" value="oracle.jdbc.driver.OracleDriver"></property>
				<property name="url" value="jdbc:oracle:thin:@125.181.132.133:51521:xe"></property>
				<property name="username" value="scott2_0"></property>
				<property name="password" value="tiger"></property>
			</dataSource>
		</environment>
	</environments>
	
	<mappers>
		<mapper resource="mybatis/mappers/emp.xml" />
		<mapper resource="mybatis/mappers/emp_param.xml" />
	</mappers>
	
</configuration>